{
  "rollWidget": {
    "origin": "BOTTOM",
    "offset": {
      "f_82470_": 100.16055,
      "f_82471_": 9.723239
    }
  }
}