{
  "rollWidget": {
    "origin": "BOTTOM",
    "offset": {
      "f_82470_": 102.666824,
      "f_82471_": -32.373512
    }
  }
}